{"model": {"algorithm": "auto", "leaf_size": 30, "metric": "chebyshev", "metric_params": null, "n_jobs": null, "n_neighbors": 3, "p": 2, "weights": "uniform"}, "metric": "comb", "score": "4", "results": {"16": {"dist": 0.16755881163332964, "feat_rank": ["rws_ydist_yz_medIVkdisp", "rws_ydist_yz_medIVwdisp", "rwy_yz_acc", "rktorw_yz_std", "lw_xy_med", "rk_angle_xy_var", "rktorw_yz_med", "lk_angle_xy_std", "lktla_height_xy_medAtmin", "n_angle_yz_med", "kdist_xy_std"], "feat_list": [0.0, 0.0, 3.222951583392586e-08, 0.00164402069814229, 0.023608171956024826, 0.029238702870168623, 0.08192111953496317, 0.12823239857117102, 0.14467327268173769, 0.1564885664475435, 0.16755881163332964], "label": 4}, "19": {"dist": 0.2034237763852964, "feat_rank": ["rws_ydist_yz_medIVkdisp", "rws_ydist_yz_medIVwdisp", "rwy_yz_acc", "rk_angle_xy_var", "lktla_height_xy_medAtmin", "n_angle_yz_med", "rktorw_yz_std", "rktorw_yz_med", "kdist_xy_std", "lk_angle_xy_std", "lw_xy_med"], "feat_list": [0.0, 0.0, 2.2016080070130783e-08, 0.0007558457286085201, 0.07134229584903196, 0.09123314075337241, 0.12009863760877981, 0.12712456159875107, 0.13265453443382808, 0.15685244733791137, 0.2034237763852964], "label": 4}, "1": {"dist": 0.26832721471210386, "feat_rank": ["rws_ydist_yz_medIVkdisp", "rws_ydist_yz_medIVwdisp", "rwy_yz_acc", "rk_angle_xy_var", "rktorw_yz_med", "lw_xy_med", "rktorw_yz_std", "kdist_xy_std", "lktla_height_xy_medAtmin", "lk_angle_xy_std", "n_angle_yz_med"], "feat_list": [0.0, 0.0, 1.3703522094843379e-08, 0.0012516986456673138, 0.01538369305565368, 0.03368695696292123, 0.06243490917445893, 0.07331353085421956, 0.08692615311335317, 0.15180479931772384, 0.26832721471210386], "label": 4}}}