{"model": {"bootstrap": true, "ccp_alpha": 0.0, "class_weight": "balanced_subsample", "criterion": "gini", "max_depth": 5, "max_features": "sqrt", "max_leaf_nodes": null, "max_samples": null, "min_impurity_decrease": 0.0, "min_samples_leaf": 1, "min_samples_split": 2, "min_weight_fraction_leaf": 0.0, "n_estimators": 25, "n_jobs": -1, "oob_score": false, "random_state": 42, "verbose": 0, "warm_start": false}, "metric": "comb", "score": "4", "rwy_yz_synch": {"importance": 0.09469581088236541, "5mean": 0.5675739645957947, "5std": 0.03671976741554025, "4mean": 0.5605708947405219, "4std": 0.04004806080416938, "3mean": 0.45875431171485354, "3std": 0.09879112390938712}, "lws_ydiff_xy_medIV": {"importance": 0.06315059820227019, "5mean": 1.1906235129831009, "5std": 0.01789290514061689, "4mean": 1.2529915544221375, "4std": 0.06718646309672724, "3mean": 1.1613419289821063, "3std": 0.06680163544665094}, "lktla_height_xy_medAtmax": {"importance": 0.05201081101336854, "5mean": 0.8968585691767748, "5std": 0.005903612354155516, "4mean": 0.8648720777259103, "4std": 0.012872151768330033, "3mean": 0.8826256727457581, "3std": 0.011847391201472966}, "rws_ydiff_xy_medIV": {"importance": 0.04930555555555552, "5mean": 1.1810559455271799, "5std": 0.02149172271416159, "4mean": 1.2551500146964785, "4std": 0.07279552242007252, "3mean": 1.1660745460064506, "3std": 0.05192647005421908}, "kdist_sag_xy_var": {"importance": 0.03460446247464508, "5mean": 0.00605156742940645, "5std": 0.0005240184372716346, "4mean": 0.031120147333202338, "4std": 0.03995928243918827, "3mean": 0.019487852291034898, "3std": 0.025177160851245113}, "rw_xy_var": {"importance": 0.030538461538461528, "5mean": 0.0023245969517863, "5std": 0.0005478321564324007, "4mean": 0.00383977451868835, "4std": 0.0017049458886543977, "3mean": 0.004835026951554628, "3std": 0.002593709154205271}, "rk_angle_xy_med": {"importance": 0.03027323815597275, "5mean": 3.126343127680385, "5std": 0.008990680221060223, "4mean": 3.0963413663637125, "4std": 0.031169544019954434, "3mean": 3.0976932150100205, "3std": 0.041221936818737995}, "rktra_height_xy_medAtmax": {"importance": 0.029089851733119617, "5mean": 0.8930539741953419, "5std": 0.008376243631718332, "4mean": 0.8634805110076685, "4std": 0.013199044423879841, "3mean": 0.8806758384523912, "3std": 0.012353650578619188}, "lh_y_xy_corr": {"importance": 0.027360261928411154, "5mean": 0.00028179702909795, "5std": 0.00012212895074904838, "4mean": -0.0009501369957904896, "4std": 0.0009735528742689124, "3mean": 0.0005006336790427715, "3std": 0.0016351123276486471}, "rh_y_xy_corr": {"importance": 0.025652661064425764, "5mean": 0.00023454863085169768, "5std": 0.00025101955752447413, "4mean": -0.0009139375440326985, "4std": 0.0009565378557343248, "3mean": 0.0005110100389672142, "3std": 0.0018563478175447467}, "rk_angle_yz_meanAmp": {"importance": 0.02470588235294116, "5mean": 0.2625813211844958, "5std": 0.08901506987890782, "4mean": 0.4049360192422649, "4std": 0.12723978332631794, "3mean": 0.2604120808077997, "3std": 0.2417567983866785}, "rws_ydiff_yz_medIVk": {"importance": 0.024315192743764192, "5mean": 2.816493240156765, "5std": 0.01112995780083666, "4mean": 2.883208194482448, "4std": 0.08255603479472229, "3mean": 2.988691324171325, "3std": 0.09756503991519212}, "lw_xy_med": {"importance": 0.023846153846153836, "5mean": 0.5616699457168579, "5std": 0.11579602176646772, "4mean": 0.5074647683721247, "4std": 0.04303452396623668, "3mean": 0.5170198529958725, "3std": 0.059770738563545915}, "h_slope_xy_std": {"importance": 0.023609022556390982, "5mean": 0.416558785439193, "5std": 0.23954539127730842, "4mean": 0.37112915023418946, "4std": 0.11320865235058374, "3mean": 0.3792956775237701, "3std": 0.13662625757123656}, "rws_ydist_yz_medIV": {"importance": 0.02360309865573024, "5mean": 1.2673769689037102, "5std": 0.033602114502517245, "4mean": 1.3827290034289628, "4std": 0.10127767213618244, "3mean": 1.2754209418744133, "3std": 0.11216424101676589}, "n_angle_yz_var": {"importance": 0.022430839002267552, "5mean": 0.00193384797584735, "5std": 0.0010284683805678167, "4mean": 0.0023440289736280625, "4std": 0.0015371920882046766, "3mean": 0.004575913613560043, "3std": 0.0034249674957364455}, "rws_xdiff_xy_medIV": {"importance": 0.020000000000000004, "5mean": -0.0048157647252082495, "5std": 0.006971710409717304, "4mean": -0.010979532232835244, "4std": 0.005293606430695391, "3mean": -0.009904205799102743, "3std": 0.006512758857763824}, "rws_xdiff_xy_medIVdisp": {"importance": 0.02, "5mean": 165.0, "5std": 46.66904755831214, "4mean": 198.0, "4std": 0.0, "3mean": 198.0, "3std": 0.0}, "n_angle_yz_med": {"importance": 0.019084967320261444, "5mean": 1.7383270973333955, "5std": 0.06639810727608926, "4mean": 1.6201637909227582, "4std": 0.1332971236728938, "3mean": 1.5941347525334055, "3std": 0.09681739600681351}, "n_angle_yz_mean": {"importance": 0.01904411764705882, "5mean": 1.735131288438292, "5std": 0.0700521258516286, "4mean": 1.6202971698197806, "4std": 0.13301128567185694, "3mean": 1.593264006531022, "3std": 0.09867811968057447}}